{
  "version": 1,
  "author": "Anonymous maker",
  "editor": "wokwi",
  "parts": [
    { "type": "wokwi-arduino-uno", "id": "uno", "top": 39, "left": -29.4, "attrs": {} },
    { "type": "wokwi-rgb-led", "id": "rgb1", "top": -101.6, "left": 58.7, "attrs": {} }
  ],
  "connections": [
    [ "rgb1:R", "uno:11", "green", [ "v67.2", "h48" ] ],
    [ "rgb1:G", "uno:13", "green", [ "v48", "h10.9" ] ],
    [ "rgb1:B", "uno:12", "green", [ "v48", "h11.2" ] ],
    [ "rgb1:COM", "uno:5V", "green", [ "v0" ] ]
  ],
  "dependencies": {}
}