{
  "version": 1,
  "author": "Anonymous maker",
  "editor": "wokwi",
  "parts": [
    { "type": "wokwi-arduino-uno", "id": "uno", "top": 0, "left": 0, "attrs": {} },
    { "type": "wokwi-led", "id": "led1", "top": -90, "left": 99.8, "attrs": { "color": "red" } },
    { "type": "wokwi-led", "id": "led2", "top": -90, "left": 138.2, "attrs": { "color": "red" } },
    { "type": "wokwi-led", "id": "led3", "top": -90, "left": 205.4, "attrs": { "color": "red" } },
    { "type": "wokwi-led", "id": "led4", "top": -90, "left": 176.6, "attrs": { "color": "red" } }
  ],
  "connections": [
    [ "led1:A", "uno:13", "green", [ "v0" ] ],
    [ "led1:C", "uno:GND.1", "green", [ "v0" ] ],
    [ "led2:A", "uno:9", "green", [ "v0" ] ],
    [ "led2:C", "uno:GND.1", "green", [ "v0" ] ],
    [ "led4:A", "uno:6", "green", [ "v0" ] ],
    [ "led4:C", "uno:GND.1", "green", [ "v0" ] ],
    [ "led3:A", "uno:3", "green", [ "v0" ] ],
    [ "led3:C", "uno:GND.1", "green", [ "v0" ] ]
  ],
  "dependencies": {}
}