{
  "version": 1,
  "author": "Anonymous maker",
  "editor": "wokwi",
  "parts": [
    { "type": "wokwi-arduino-uno", "id": "uno", "top": 19.8, "left": -29.4, "attrs": {} },
    { "type": "wokwi-potentiometer", "id": "pot1", "top": -145.3, "left": 220.6, "attrs": {} },
    {
      "type": "wokwi-led-bar-graph",
      "id": "bargraph1",
      "top": -139.2,
      "left": -14.4,
      "attrs": { "color": "lime" }
    }
  ],
  "connections": [
    [ "bargraph1:C1", "uno:GND.1", "green", [ "v-9.6", "h48.22" ] ],
    [ "bargraph1:C2", "uno:GND.1", "green", [ "h67.42", "v153.6" ] ],
    [ "bargraph1:C3", "uno:GND.1", "green", [ "h0" ] ],
    [ "bargraph1:C4", "uno:GND.1", "green", [ "h0" ] ],
    [ "bargraph1:C6", "uno:GND.1", "green", [ "h0" ] ],
    [ "bargraph1:C7", "uno:GND.1", "green", [ "h0" ] ],
    [ "bargraph1:C8", "uno:GND.1", "green", [ "h0" ] ],
    [ "bargraph1:C9", "uno:GND.1", "green", [ "h0" ] ],
    [ "bargraph1:C10", "uno:GND.1", "green", [ "h0" ] ],
    [ "bargraph1:C5", "uno:GND.1", "green", [ "h0" ] ],
    [ "bargraph1:A10", "uno:13", "green", [ "h0" ] ],
    [ "bargraph1:A9", "uno:12", "green", [ "h0" ] ],
    [ "bargraph1:A8", "uno:11", "green", [ "h124.8", "v86.39" ] ],
    [ "bargraph1:A7", "uno:10", "green", [ "h0" ] ],
    [ "bargraph1:A6", "uno:9", "green", [ "h0" ] ],
    [ "bargraph1:A5", "uno:8", "green", [ "h0" ] ],
    [ "bargraph1:A4", "uno:7", "green", [ "h0" ] ],
    [ "bargraph1:A4", "uno:6", "green", [ "h0" ] ],
    [ "bargraph1:A3", "uno:5", "green", [ "h0" ] ],
    [ "bargraph1:A2", "uno:4", "green", [ "h0" ] ],
    [ "bargraph1:A1", "uno:3", "green", [ "h0" ] ],
    [ "pot1:GND", "uno:GND.3", "black", [ "v0" ] ],
    [ "pot1:SIG", "uno:A0", "green", [ "v0" ] ],
    [ "pot1:VCC", "uno:5V", "red", [ "v0" ] ]
  ],
  "dependencies": {}
}