{
  "version": 1,
  "author": "Anonymous maker",
  "editor": "wokwi",
  "parts": [
    { "type": "wokwi-arduino-uno", "id": "uno", "top": 19.8, "left": -29.4, "attrs": {} },
    { "type": "wokwi-led", "id": "led1", "top": -61.2, "left": 71, "attrs": { "color": "red" } },
    { "type": "wokwi-led", "id": "led2", "top": -61.2, "left": 99.8, "attrs": { "color": "red" } },
    {
      "type": "wokwi-led",
      "id": "led3",
      "top": -61.2,
      "left": 147.8,
      "attrs": { "color": "red" }
    },
    {
      "type": "wokwi-led",
      "id": "led4",
      "top": -51.6,
      "left": 176.6,
      "attrs": { "color": "red" }
    }
  ],
  "connections": [
    [ "led1:A", "uno:13", "green", [ "v0" ] ],
    [ "led1:C", "uno:GND.1", "green", [ "v0" ] ],
    [ "led2:A", "uno:10", "green", [ "v0" ] ],
    [ "led2:C", "uno:GND.1", "green", [ "v0" ] ],
    [ "led3:A", "uno:5", "green", [ "v0" ] ],
    [ "led3:C", "uno:GND.1", "green", [ "v0" ] ],
    [ "led4:A", "uno:2", "green", [ "v0" ] ],
    [ "led4:C", "uno:GND.1", "green", [ "v0" ] ]
  ],
  "dependencies": {}
}